{"impute_type": "WindowsMeanBucket", "normalization_type": "Mean", "feature_set": ["patient", "y", "Age", "Gender", "HospAdmTime_final", "ICULOS_final", "BaseExcess", "HCO3", "FiO2", "pH", "PaCO2", "SaO2", "AST", "BUN", "Alkalinephos", "Calcium", "Chloride", "Creatinine", "Bilirubin_direct", "Glucose", "Lactate", "Magnesium", "Phosphate", "Potassium", "Bilirubin_total", "TroponinI", "Hct", "Hgb", "PTT", "WBC", "Fibrinogen", "Platelets", "HR", "O2Sat", "Temp", "SBP", "MAP", "DBP", "Resp", "EtCO2", "HospAdmTime_final", "ICULOS_final", "SIRS"], "features_train": {"BaseExcess_b1": -1.2186332305459824, "BaseExcess_b2": -0.41819843342036556, "BaseExcess_b3": 0.06713325867861142, "HCO3_b1": 23.49034664326459, "HCO3_b2": 24.20890068707058, "HCO3_b3": 24.890384615384615, "FiO2_b1": 0.5454410674573759, "FiO2_b2": 0.49616566757493197, "FiO2_b3": 0.5026404408388184, "pH_b1": 7.367664407268531, "pH_b2": 7.3860443080208205, "pH_b3": 7.392195473251029, "PaCO2_b1": 41.213844284350316, "PaCO2_b2": 40.85340672676838, "PaCO2_b3": 41.18798307475318, "SaO2_b1": 92.99051892042293, "SaO2_b2": 92.19548703017469, "SaO2_b3": 92.15044747998117, "AST_b1": 237.44044044044045, "AST_b2": 309.39739709443097, "AST_b3": 260.8305355715428, "BUN_b1": 23.163638023924754, "BUN_b2": 23.133133881824982, "BUN_b3": 23.64583024737076, "Alkalinephos_b1": 96.05764075067025, "Alkalinephos_b2": 102.49017199017199, "Alkalinephos_b3": 102.69026548672566, "Calcium_b1": 7.17152, "Calcium_b2": 7.741634800652141, "Calcium_b3": 7.965370272647318, "Chloride_b1": 106.33903617604805, "Chloride_b2": 105.75280139103555, "Chloride_b3": 104.91009239516703, "Creatinine_b1": 1.476507837641441, "Creatinine_b2": 1.4967554683118338, "Creatinine_b3": 1.47539133300379, "Bilirubin_direct_b1": 1.4066666666666665, "Bilirubin_direct_b2": 1.5194871794871798, "Bilirubin_direct_b3": 1.7820143884892086, "Glucose_b1": 140.13363757015017, "Glucose_b2": 134.16002497996888, "Glucose_b3": 135.3551426252319, "Lactate_b1": 2.7916547982366904, "Lactate_b2": 2.4484681853888453, "Lactate_b3": 2.771820580474934, "Magnesium_b1": 2.025973534971645, "Magnesium_b2": 2.0640866265375557, "Magnesium_b3": 2.082521511985249, "Phosphate_b1": 3.6331108578870253, "Phosphate_b2": 3.503856013672292, "Phosphate_b3": 3.413586137619287, "Potassium_b1": 4.162201144620925, "Potassium_b2": 4.12922337143894, "Potassium_b3": 4.096629277784136, "Bilirubin_total_b1": 1.7111611972592857, "Bilirubin_total_b2": 2.088870757180157, "Bilirubin_total_b3": 2.2771885521885524, "TroponinI_b1": 6.321567274519469, "TroponinI_b2": 8.988187311178248, "TroponinI_b3": 10.178890784982935, "Hct_b1": 31.174819374369328, "Hct_b2": 30.65574810696828, "Hct_b3": 30.160347367129006, "Hgb_b1": 10.59742602082989, "Hgb_b2": 10.378850481382669, "Hgb_b3": 10.192148582880046, "PTT_b1": 40.41403089371092, "PTT_b2": 43.01788870703764, "PTT_b3": 42.786016260162604, "WBC_b1": 11.588216080402011, "WBC_b2": 11.237495628782783, "WBC_b3": 11.19029421119593, "Fibrinogen_b1": 272.6066374908826, "Fibrinogen_b2": 299.48956521739126, "Fibrinogen_b3": 327.1913043478261, "Platelets_b1": 202.90715020576133, "Platelets_b2": 194.37545573866123, "Platelets_b3": 188.59119827586207, "HR_b1": 84.77533640552994, "HR_b2": 84.61314721118457, "HR_b3": 84.51670286903793, "O2Sat_b1": 97.59012412304371, "O2Sat_b2": 97.08821534397201, "O2Sat_b3": 96.86806042135444, "Temp_b1": 36.871982721660096, "Temp_b2": 37.05244172308811, "Temp_b3": 37.00514729526477, "SBP_b1": 122.19449363095184, "SBP_b2": 123.16225874264683, "SBP_b3": 124.68337055985967, "MAP_b1": 81.96039944767729, "MAP_b2": 81.8977244458619, "MAP_b3": 82.67909897296637, "DBP_b1": 63.71697300793083, "DBP_b2": 63.18639041133809, "DBP_b3": 64.1657912783649, "Resp_b1": 18.30286531208176, "Resp_b2": 18.833594207152093, "Resp_b3": 19.103645156633462, "EtCO2_b1": 32.676280323450136, "EtCO2_b2": 32.73241895261845, "EtCO2_b3": 33.501174496644296}}