{"impute_type": "WindowsMeanBucket", "normalization_type": "WindowsMedianBucket", "feature_set": ["patient", "y", "Age", "Gender", "HospAdmTime_final", "ICULOS_final", "BaseExcess", "HCO3", "FiO2", "pH", "PaCO2", "SaO2", "AST", "BUN", "Alkalinephos", "Calcium", "Chloride", "Creatinine", "Bilirubin_direct", "Glucose", "Lactate", "Magnesium", "Phosphate", "Potassium", "Bilirubin_total", "TroponinI", "Hct", "Hgb", "PTT", "WBC", "Fibrinogen", "Platelets", "HR", "O2Sat", "Temp", "SBP", "MAP", "DBP", "Resp", "EtCO2", "HospAdmTime_final", "ICULOS_final", "SIRS"], "features_train": {"BaseExcess_b1": -1.132541512915129, "BaseExcess_b2": -0.4010546334716459, "BaseExcess_b3": 0.15550277117973083, "HCO3_b1": 23.543652773701204, "HCO3_b2": 24.238108395324122, "HCO3_b3": 24.889606458123108, "FiO2_b1": 0.817835730608953, "FiO2_b2": 0.4992233535528597, "FiO2_b3": 0.5069206865936668, "pH_b1": 7.369292862882607, "pH_b2": 7.384153324287652, "pH_b3": 7.392881085395051, "PaCO2_b1": 41.12340294840295, "PaCO2_b2": 41.2142444910808, "PaCO2_b3": 41.08148345784419, "SaO2_b1": 92.98354125318968, "SaO2_b2": 92.23164009727101, "SaO2_b3": 92.56998231653405, "AST_b1": 236.7043565014965, "AST_b2": 319.5320708613317, "AST_b3": 252.48981191222572, "BUN_b1": 22.95443372177713, "BUN_b2": 23.122105529545742, "BUN_b3": 23.64625498596543, "Alkalinephos_b1": 98.18714524207012, "Alkalinephos_b2": 104.87016574585635, "Alkalinephos_b3": 103.048463356974, "Calcium_b1": 7.174183620239958, "Calcium_b2": 7.792953618371355, "Calcium_b3": 7.9766970866970865, "Chloride_b1": 106.36753212346007, "Chloride_b2": 105.67919075144509, "Chloride_b3": 104.90651085141903, "Creatinine_b1": 1.4828667563930014, "Creatinine_b2": 1.483938361028263, "Creatinine_b3": 1.4932855731225296, "Bilirubin_direct_b1": 1.453994638069705, "Bilirubin_direct_b2": 1.5244497607655503, "Bilirubin_direct_b3": 1.9174809160305344, "Glucose_b1": 140.28736035422344, "Glucose_b2": 133.99741693919142, "Glucose_b3": 134.87352160618474, "Lactate_b1": 2.73980991878348, "Lactate_b2": 2.4267425782838554, "Lactate_b3": 2.5806865284974094, "Magnesium_b1": 2.01690096844736, "Magnesium_b2": 2.063808882907133, "Magnesium_b3": 2.0799723968716455, "Phosphate_b1": 3.640906898215147, "Phosphate_b2": 3.5116727743048064, "Phosphate_b3": 3.419384765625, "Potassium_b1": 4.160465041071082, "Potassium_b2": 4.126040694418517, "Potassium_b3": 4.091582394851759, "Bilirubin_total_b1": 1.811380057803468, "Bilirubin_total_b2": 2.2218235681369323, "Bilirubin_total_b3": 2.318281381634372, "TroponinI_b1": 6.613035204567078, "TroponinI_b2": 10.022767857142856, "TroponinI_b3": 9.388595041322315, "Hct_b1": 31.27762187000533, "Hct_b2": 30.675892735251093, "Hct_b3": 30.22653024046636, "Hgb_b1": 10.614056443110858, "Hgb_b2": 10.387348679598038, "Hgb_b3": 10.207654004837105, "PTT_b1": 40.14975272727273, "PTT_b2": 42.91130834976989, "PTT_b3": 41.75212698412698, "WBC_b1": 11.66951964234757, "WBC_b2": 11.237135274904736, "WBC_b3": 11.080146147736299, "Fibrinogen_b1": 265.5556631892697, "Fibrinogen_b2": 299.5288209606987, "Fibrinogen_b3": 318.35480349344977, "Platelets_b1": 204.09892911779704, "Platelets_b2": 194.0832345971564, "Platelets_b3": 189.30790472903004, "HR_b1": 84.54698790930657, "HR_b2": 84.42963174421924, "HR_b3": 84.33495666079119, "O2Sat_b1": 97.6178578853646, "O2Sat_b2": 97.13147780697521, "O2Sat_b3": 96.90475882654904, "Temp_b1": 36.88586251537316, "Temp_b2": 37.04854915378786, "Temp_b3": 36.99389863292992, "SBP_b1": 122.41784530590087, "SBP_b2": 123.46615565930828, "SBP_b3": 124.87986988537756, "MAP_b1": 82.0774399113202, "MAP_b2": 82.17837051923914, "MAP_b3": 82.97894276246849, "DBP_b1": 63.778999407528936, "DBP_b2": 63.42840085430154, "DBP_b3": 64.32146720807187, "Resp_b1": 18.260934126999075, "Resp_b2": 18.813304696554386, "Resp_b3": 19.075503534166835, "EtCO2_b1": 32.770910258468454, "EtCO2_b2": 33.296795338674436, "EtCO2_b3": 33.592542372881354}}