{"impute_type": "WindowsMeanBucket", "normalization_type": "WindowsMeanBucket", "feature_set": ["patient", "y", "Age", "Gender", "HospAdmTime_final", "ICULOS_final", "BaseExcess", "HCO3", "FiO2", "pH", "PaCO2", "SaO2", "AST", "BUN", "Alkalinephos", "Calcium", "Chloride", "Creatinine", "Bilirubin_direct", "Glucose", "Lactate", "Magnesium", "Phosphate", "Potassium", "Bilirubin_total", "TroponinI", "Hct", "Hgb", "PTT", "WBC", "Fibrinogen", "Platelets", "HR", "O2Sat", "Temp", "SBP", "MAP", "DBP", "Resp", "EtCO2", "HospAdmTime_final", "ICULOS_final", "SIRS"], "features_train": {"BaseExcess_b1": -1.1399928806620985, "BaseExcess_b2": -0.40062425175303573, "BaseExcess_b3": 0.17177419354838708, "HCO3_b1": 23.51891062250143, "HCO3_b2": 24.282406829065167, "HCO3_b3": 25.011785891703923, "FiO2_b1": 0.8098425041186161, "FiO2_b2": 0.5031571141010701, "FiO2_b3": 0.5053692284554069, "pH_b1": 7.36932582668187, "pH_b2": 7.385468602931289, "pH_b3": 7.392343253968255, "PaCO2_b1": 41.23859898389736, "PaCO2_b2": 41.21176005620938, "PaCO2_b3": 41.585884718498654, "SaO2_b1": 92.83568562335685, "SaO2_b2": 92.03018635242533, "SaO2_b3": 92.1544203879116, "AST_b1": 223.71983333333333, "AST_b2": 270.562091503268, "AST_b3": 296.4654255319149, "BUN_b1": 23.35495080783464, "BUN_b2": 23.106408178531357, "BUN_b3": 24.036947260173353, "Alkalinephos_b1": 96.17004732927654, "Alkalinephos_b2": 102.23463855421687, "Alkalinephos_b3": 100.69082498072476, "Calcium_b1": 7.154729532163743, "Calcium_b2": 7.811640671865627, "Calcium_b3": 7.940694006309148, "Chloride_b1": 106.57345726826749, "Chloride_b2": 105.98642047674873, "Chloride_b3": 105.09895348837209, "Creatinine_b1": 1.4599588265568708, "Creatinine_b2": 1.454349901713002, "Creatinine_b3": 1.474767136766153, "Bilirubin_direct_b1": 1.38640350877193, "Bilirubin_direct_b2": 1.5790957446808511, "Bilirubin_direct_b3": 1.58312925170068, "Glucose_b1": 141.20256242591105, "Glucose_b2": 134.3407956651932, "Glucose_b3": 135.06300777873813, "Lactate_b1": 2.737435005795662, "Lactate_b2": 2.325700934579439, "Lactate_b3": 2.5402833753148615, "Magnesium_b1": 2.005852947302645, "Magnesium_b2": 2.056602275734321, "Magnesium_b3": 2.0745871559633025, "Phosphate_b1": 3.611922082120918, "Phosphate_b2": 3.486812594349795, "Phosphate_b3": 3.434407927747115, "Potassium_b1": 4.159473717866735, "Potassium_b2": 4.126910748825644, "Potassium_b3": 4.096457246541165, "Bilirubin_total_b1": 1.8006410256410257, "Bilirubin_total_b2": 2.1761010362694297, "Bilirubin_total_b3": 2.259628099173554, "TroponinI_b1": 8.206391304347825, "TroponinI_b2": 10.081918367346937, "TroponinI_b3": 10.34474956822107, "Hct_b1": 31.190125997757107, "Hct_b2": 30.688841422713836, "Hct_b3": 30.18521650473792, "Hgb_b1": 10.589478338471523, "Hgb_b2": 10.392333716915994, "Hgb_b3": 10.183483462350457, "PTT_b1": 40.32180716353111, "PTT_b2": 42.002026121902205, "PTT_b3": 41.58367338543809, "WBC_b1": 11.6464505087002, "WBC_b2": 11.20397392823545, "WBC_b3": 11.218129519019175, "Fibrinogen_b1": 267.34659259259263, "Fibrinogen_b2": 306.58682170542636, "Fibrinogen_b3": 331.50347222222223, "Platelets_b1": 200.83514714898834, "Platelets_b2": 194.318008505646, "Platelets_b3": 187.70322884549503, "HR_b1": 85.09422244335045, "HR_b2": 84.95283585161302, "HR_b3": 84.76662094234223, "O2Sat_b1": 97.62545586509081, "O2Sat_b2": 97.1441543195603, "O2Sat_b3": 96.87290687983028, "Temp_b1": 36.89293899712552, "Temp_b2": 37.05997274337891, "Temp_b3": 37.00966269067852, "SBP_b1": 122.32654982204787, "SBP_b2": 123.38858193967887, "SBP_b3": 124.64430177318138, "MAP_b1": 82.02488096617496, "MAP_b2": 82.07063098576643, "MAP_b3": 82.74453280467526, "DBP_b1": 63.76121105007204, "DBP_b2": 63.39006816173221, "DBP_b3": 64.24635309040306, "Resp_b1": 18.322076291331463, "Resp_b2": 18.917214752244035, "Resp_b3": 19.115327695560254, "EtCO2_b1": 32.91105769230769, "EtCO2_b2": 33.08758344459279, "EtCO2_b3": 33.64965239663373}}